{"cameraMode":{"drawMode":0,"name":"Shaded","section":"Shading Mode"},"sceneLighting":true,"audioPlay":false,"sceneViewState":{"m_AlwaysRefresh":false,"showFog":true,"showSkybox":true,"showFlares":true,"showImageEffects":true,"showParticleSystems":true,"showVisualEffectGraphs":true,"m_FxEnabled":true},"in2DMode":false,"pivot":{"x":1.5475056171417237,"y":-0.991620659828186,"z":-0.6584755778312683},"rotation":{"x":0.029753858223557473,"y":0.8863763809204102,"z":-0.4584291875362396,"w":0.05751536041498184},"size":11.222265243530274,"orthographic":false}